City_ID,City,Country,Max Temp,Current Description,Lat,Lng,Hotel Name
0,Juba,SS,84.61,broken clouds,4.85,31.58,ROYAL PALACE HOTEL - JUBA
1,Hithadhoo,MV,83.01,overcast clouds,-0.6,73.08,Scoop Guest House
3,Osmena,PH,85.21,clear sky,10.52,119.93,Arjemarkyza Lodge
10,Sambava,MG,80.73,clear sky,-14.27,50.17,Melrose
18,Hilo,US,75.2,overcast clouds,19.73,-155.09,Hilo Hawaiian Hotel
19,Wattegama,LK,93.2,scattered clouds,6.8,81.48,
24,Sur,OM,87.26,few clouds,22.57,59.53,Sur Plaza Hotel
27,Omboue,GA,80.89,few clouds,-1.57,9.26,Hotel Olako
33,Poum,NC,75.4,clear sky,-20.23,164.02,G√Æte kajeon
36,Karimganj,IN,89.19,light rain,24.87,92.35,Ahar Hotel And Aheli Restaurant
42,Atuona,PF,78.08,clear sky,-9.8,-139.03,Villa Enata
43,Tambun,ID,88.0,scattered clouds,-6.26,107.07,@HOM Premiere Tambun
48,Busselton,AU,80.01,clear sky,-33.65,115.33,Observatory Guest House
58,Naze,JP,77.0,broken clouds,28.37,129.48,Â•ÑÁæé„Éù„Éº„Éà„Çø„ÉØ„Éº„Éõ„ÉÜ„É´
59,Carnarvon,AU,77.0,clear sky,-24.87,113.63,Hospitality Carnarvon
63,Butaritari,KI,82.71,overcast clouds,3.07,172.79,Isles Sunset Lodge
64,Benguela,AO,77.0,broken clouds,-12.58,13.41,Hotel Praia Morena
65,Kapaa,US,77.0,light rain,22.08,-159.32,Sheraton Kauai Resort at Coconut Beach
69,Phangnga,TH,91.4,light rain,8.45,98.53,Rattanapong Hotel
75,Zhanakorgan,KZ,78.12,clear sky,43.91,67.25,"""–ê“õ–ø–∞–ª–∞—Å"" “õ–æ–Ω–∞“õ “Ø–π—ñ"
76,Kloulklubed,PW,82.4,overcast clouds,7.04,134.26,Storyboard Beach Resort
77,Guaymas,MX,75.0,few clouds,27.93,-110.9,Holiday Inn Express Guaymas
78,Cockburn Town,TC,81.66,overcast clouds,21.46,-71.14,Osprey Beach Hotel
83,Mitsamiouli,KM,86.0,scattered clouds,-11.38,43.28,Foyer ADM
84,Port Hedland,AU,84.2,clear sky,-20.32,118.57,The Esplanade Hotel
85,Hirara,JP,82.4,broken clouds,24.8,125.28,Hotel Atoll Emerald Miyakojima
87,Samarai,PG,80.15,light rain,-10.62,150.67,Nuli Sapi
90,Georgetown,MY,91.4,light rain,5.41,100.34,Cititel Penang
92,Saint-Philippe,RE,82.4,scattered clouds,-21.36,55.77,"Chambres d'h√¥te ""La Trinit√©"""
94,Umm Lajj,SA,94.95,clear sky,25.02,37.27,Moon light Furnished Units
98,Axim,GH,78.48,overcast clouds,4.87,-2.24,AXIM BEACH RESORT AND SPA
99,Yulara,AU,82.4,few clouds,-25.24,130.99,Desert Gardens Hotel - Ayers Rock Resort
100,Porto Novo,BJ,78.8,scattered clouds,6.5,2.6,Tour Eiffel Hotel Benin
103,Vung Tau,VN,80.87,overcast clouds,10.35,107.08,Seaside Resort
104,Conceicao Do Araguaia,BR,75.52,broken clouds,-8.26,-49.26,Tarum√£ Tropical Hotel
106,Marawi,PH,82.99,moderate rain,8.0,124.29,Derogongan Residence
108,Chiredzi,ZW,91.47,clear sky,-21.05,31.67,The Nesbitt Arms
110,Tahta,EG,86.0,clear sky,26.77,31.5,M√∏h√£mƒôd T√£rƒôk üè†
118,Kasongo-Lunda,CD,83.59,broken clouds,-6.47,16.82,
120,Bambous Virieux,MU,81.0,scattered clouds,-20.34,57.76,Casa Tia Villa
129,Karangampel,ID,86.31,few clouds,-6.46,108.45,ARIE SAFARI
132,Ravar,IR,75.99,clear sky,31.27,56.81,computertik
139,Wanlaweyn,SO,84.69,broken clouds,2.62,44.89,Haji Qasim Hotel
142,Balingasay,PH,85.03,clear sky,16.36,119.86,Rock Garden Resort
146,Gat,IL,81.0,clear sky,31.61,34.76,OlusHome
149,Coahuayana,MX,78.33,overcast clouds,18.73,-103.68,Hotel Los Arcos
150,Souillac,MU,80.6,scattered clouds,-20.52,57.52,Bils' Villa
151,Kavieng,PG,84.02,scattered clouds,-2.57,150.8,Nusa Island Retreat
152,Faanui,PF,79.21,overcast clouds,-16.48,-151.75,Bora-Bora Pearl Beach Resort & Spa
155,Richards Bay,ZA,78.78,scattered clouds,-28.78,32.04,BON Hotel Waterfront Richards Bay
156,Kaduqli,SD,85.14,few clouds,11.02,29.72,ŸÅŸÜÿØŸÇ ÿßŸÑŸÑŸá ÿ¨ÿßÿ®Ÿà
170,Taoudenni,ML,82.78,clear sky,22.68,-3.98,
179,Itarema,BR,79.16,broken clouds,-2.92,-39.92,Windvillage
180,Basoko,CD,82.29,light rain,1.24,23.62,Flat Hotel La Benediction
184,Edd,ER,90.55,clear sky,13.93,41.69,
187,Kalmunai,LK,87.93,broken clouds,7.42,81.82,VS Villa
191,Soyo,AO,77.0,broken clouds,-6.13,12.37,Hotel Mpampa
196,Tshikapa,CD,85.35,few clouds,-6.42,20.8,H√¥tel Tshia-Muntu de Tshikapa
197,Chimore,BO,75.36,clear sky,-16.98,-65.13,Bichito
203,Buraydah,SA,78.8,clear sky,26.33,43.98,M√∂venpick Hotel Qassim
205,Lorengau,PG,81.82,light rain,-2.02,147.27,Lorengau Harbourside Hotel
207,Yaan,NG,76.69,broken clouds,7.38,8.57,
208,Tual,ID,81.09,broken clouds,-5.67,132.75,Grand Vilia Hotel
213,Inhambane,MZ,80.53,clear sky,-23.86,35.38,Oceano
216,Abu Samrah,SY,82.29,clear sky,35.3,37.18,
217,Rockport,US,79.0,few clouds,28.02,-97.05,Holiday Inn Express & Suites Rockport - Bay View
225,Bathsheba,BB,75.2,few clouds,13.22,-59.52,Atlantis Hotel
226,Gumdag,TM,79.05,clear sky,39.21,54.59,
228,Upata,VE,78.01,clear sky,8.01,-62.4,Posada Villa Nela
229,Alyangula,AU,93.2,overcast clouds,-13.85,136.42,Groote Eylandt Lodge
250,Mahebourg,MU,80.6,scattered clouds,-20.41,57.7,Shandrani Beachcomber Resort & Spa
259,Cabo San Lucas,MX,79.0,clear sky,22.89,-109.91,Hotel Tesoro Los Cabos
267,Goundam,ML,89.04,scattered clouds,16.41,-3.67,
268,Charters Towers,AU,90.28,clear sky,-20.1,146.27,Cattleman's Rest Motor Inn
271,Nishihara,JP,84.2,shower rain,26.18,127.76,Minshuku Agaihama
272,Jacmel,HT,75.2,light rain,18.23,-72.53,Hotel Florita
276,Bilma,NE,91.78,clear sky,18.69,12.92,Expeditions T√©n√©re voyages
278,Susangerd,IR,89.6,clear sky,31.56,48.18,ŸÅÿßÿ∑ŸÖŸá ÿßÿ®ÿ±ŸÅÿ™
279,Qui Nhon,VN,82.09,light rain,13.77,109.23,Kh√°ch s·∫°n H·∫£i √Çu Quy Nh∆°n - Seagull Hotel
280,Sola,VU,80.08,clear sky,-13.88,167.55,Leumerus Bungalows
281,Dingle,PH,79.92,overcast clouds,11.0,122.67,Camp Pasica
286,Moree,AU,75.2,clear sky,-29.47,149.85,Molika Springs Motel
290,Quatre Cocos,MU,81.0,scattered clouds,-20.21,57.76,Emeraude Beach Attitude Hotel
292,Negombo,LK,86.0,scattered clouds,7.21,79.84,Hotel Sunset Beach
295,Dalbandin,PK,77.07,clear sky,28.89,64.41,Police station anti NARCOTICS FORCE
296,Kidal,ML,88.03,scattered clouds,18.44,1.41,
301,Birnin Kebbi,NG,85.24,clear sky,12.45,4.2,Saffar Guest Inn Ltd
305,Maposeni,TZ,75.2,broken clouds,-10.58,35.4,
306,Umm Kaddadah,SD,89.24,clear sky,13.6,26.69,
307,Dakar,SN,82.4,few clouds,14.69,-17.44,Novotel Dakar
309,Marovoay,MG,91.4,few clouds,-16.1,46.63,
312,Gboko,NG,78.3,broken clouds,7.32,9.0,Bays Garden Hotel
314,Bengkulu,ID,82.98,light rain,-3.8,102.27,Grage Hotel Bengkulu
316,San Andres,CO,82.4,broken clouds,12.58,-81.7,Hotel Arena Blanca
318,High Rock,BS,81.45,overcast clouds,26.62,-78.28,Ocean Pearl Bonefishing Resort
325,Sinjai,ID,86.14,overcast clouds,-5.12,120.25,Wisma Sandika
328,Sao Filipe,CV,79.97,overcast clouds,14.9,-24.5,Tortuga B&B
333,Ilebo,CD,84.58,overcast clouds,-4.32,20.58,H√¥tel des palmes
335,Banswara,IN,94.71,few clouds,23.55,74.45,Hotel Relax Inn
336,Victoria,HK,81.0,clear sky,22.29,114.16,Mini Hotel Central
339,Labuhan,ID,76.89,light rain,-6.88,112.21,bador sepret
341,Cururupu,BR,76.05,scattered clouds,-1.83,-44.87,Pousada Trav√©s'cia
343,San Patricio,US,78.01,few clouds,28.02,-97.52,"Motel 6 Sinton, TX"
345,Mumford,GH,78.67,light rain,5.26,-0.76,Spanish Villa
346,Kavaratti,IN,87.8,few clouds,10.57,72.64,Hotels in Lakshadweep Islands
347,Nouadhibou,MR,75.2,clear sky,20.93,-17.03,El Medina
349,Hwange,ZW,93.0,clear sky,-18.37,26.5,Hwange Colliery Guest House
352,Ixtapa,MX,82.0,broken clouds,20.7,-105.2,Container Inn Puerto Vallarta
361,Tautira,PF,77.0,few clouds,-17.73,-149.15,Pension Oaoa
362,Padang,ID,86.83,scattered clouds,-0.95,100.35,Mercure Padang
363,Niono,ML,87.84,clear sky,14.25,-5.99,H√¥tel Campement
366,Moroni,KM,86.0,scattered clouds,-11.7,43.26,Hotel les Arcades
368,Zhuhai,CN,82.4,few clouds,22.28,113.57,Áè†Êµ∑Á≤§Ë¥¢ÂÅáÊó•ÈÖíÂ∫ó
371,Kismayo,SO,83.44,clear sky,-0.36,42.55,Agan-Hotel
372,San Policarpo,PH,79.86,moderate rain,12.18,125.51,Zal-Ann Beach Resort
373,Bafata,GW,76.75,scattered clouds,12.17,-14.75,
374,Hambantota,LK,93.2,scattered clouds,6.12,81.12,Bungalow 63
375,Banikoara,BJ,82.81,clear sky,11.3,2.44,H√¥tel de l'UCom CVPC
379,Kiunga,PG,82.18,light rain,-6.12,141.29,Airport Lodge Kiunga
381,Tura,IN,85.66,clear sky,25.52,90.22,Hotel RIKMAN Continental
383,Mardin,TR,78.8,clear sky,37.31,40.74,Reyhani Kasri Hotel
389,Pandan,PH,81.99,moderate rain,14.05,124.17,Bonifacio Lodge
393,Acapulco,MX,79.52,broken clouds,16.86,-99.89,HS Hotsson Smart Acapulco
396,Pathein,MM,82.29,moderate rain,16.78,94.73,Pathein Hotel
397,Abu Zabad,SD,87.8,clear sky,12.35,29.25,ŸÖÿ≠Ÿä ÿßŸÑÿØŸäŸÜ ŸÜŸàÿ±Ÿä
406,Saint-Joseph,RE,82.4,few clouds,-21.37,55.62,"""Plantation Bed and Breakfast"
407,Aketi,CD,86.22,light rain,2.74,23.78,
410,Batticaloa,LK,87.75,broken clouds,7.71,81.69,Grand Star Guest House
411,Atar,MR,84.22,overcast clouds,20.52,-13.05,Oumou Elghoura
412,Kirakira,SB,80.6,moderate rain,-10.45,161.92,SanBiz Lodge
414,Bandundu,CD,81.48,overcast clouds,-3.32,17.37,Coja Color
415,Esperance,AU,75.2,clear sky,-33.87,121.9,Hospitality Esperance
416,Sulphur,US,75.0,mist,30.24,-93.38,Fairfield Inn & Suites by Marriott Lake Charles Sulphur
421,Ambon,ID,81.36,overcast clouds,-3.7,128.18,Swiss-Belhotel Ambon
423,Chipinge,ZW,85.05,clear sky,-20.19,32.62,Mutare Club
432,Sabang,ID,84.0,very heavy rain,5.89,95.32,Hotel Citra
433,Tiarei,PF,77.0,few clouds,-17.53,-149.33,Le Rocher de Tahiti
434,Amuntai,ID,81.07,overcast clouds,-2.42,115.25,Hotel Balqis
439,Bitung,ID,87.8,scattered clouds,1.45,125.18,Peoplesight Learning Center ( PLC )
445,Yambio,SS,79.32,moderate rain,4.57,28.4,Kabash Inn
455,Witu,KE,86.52,scattered clouds,-2.39,40.44,New City Guest House
457,Alice,US,75.2,mist,27.75,-98.07,Holiday Inn Express & Suites Alice
459,Akyab,MM,86.25,moderate rain,20.15,92.9,Hotel Memory
460,Los Llanos De Aridane,ES,78.8,light intensity drizzle,28.66,-17.92,Valle Aridane
461,Odweyne,SO,83.5,clear sky,9.41,45.06,Eng Hiirey House
462,Najran,SA,78.8,clear sky,17.49,44.13,ŸÖÿ≠ŸÖÿØ ŸáÿßÿØŸä ÿßŸÑ ŸÅÿ∑Ÿäÿ≠
471,Ugoofaaru,MV,82.4,overcast clouds,5.67,73.0,Ungoofaaru Inn
472,Nabire,ID,79.2,overcast clouds,-3.37,135.48,Hotel Nusantara Nabire
480,Tevaitoa,PF,80.02,few clouds,-16.78,-151.5,H√¥tel Raiatea Lodge
487,Cayenne,GF,75.2,broken clouds,4.93,-52.33,H√¥tel Le Dronmi
492,Bowen,AU,84.2,clear sky,-20.02,148.23,Castle Motor Lodge Motel
499,Sulangan,PH,82.04,light rain,11.14,123.72,Maia's Beach Resort
500,Matara,LK,86.31,overcast clouds,5.95,80.54,Amaloh Boutique Resort
502,Sinnamary,GF,79.39,scattered clouds,5.38,-52.95,ALETHEIA Appartement Sinnamary
503,Noumea,NC,77.0,broken clouds,-22.28,166.46,H√¥tel Le Lagon
505,Lazaro Cardenas,MX,78.06,overcast clouds,17.96,-102.2,Collection O Hotel Quinta Antigua
507,Gizo,SB,84.04,light rain,-8.1,156.84,Imagination Island
510,Rock Sound,BS,80.87,moderate rain,24.9,-76.2,Rock Sound Club
514,Kimbe,PG,79.97,light rain,-5.55,150.14,Kimbe Bay Hotel
516,Camacupa,AO,81.91,broken clouds,-12.02,17.48,
518,Kita,ML,78.98,clear sky,13.03,-9.49,H√¥tel Nelson Mandela
520,Aborlan,PH,86.0,overcast clouds,9.44,118.55,Kevina Transient House
521,Jalingo,NG,81.25,clear sky,8.88,11.37,Debright Motel
526,Boa Vista,BR,80.6,broken clouds,2.82,-60.67,Aipana Plaza Hotel
527,Unnao,IN,91.4,haze,26.53,80.5,Fantasy Motels
530,The Valley,AI,79.0,clear sky,18.22,-63.06,CeBlue Villas & Beach Resort
536,Kahului,US,80.6,clear sky,20.89,-156.47,Maui Seaside Hotel
537,Bouna,CI,76.21,scattered clouds,9.27,-3.0,Hotel Reserve
538,Raga,SS,83.16,broken clouds,8.46,25.68,
539,Pamanukan,ID,87.84,moderate rain,-6.28,107.81,Paris Day Hotel Pamanukan
543,Kieta,PG,80.42,moderate rain,-6.22,155.63,
545,Langsa,ID,86.11,light rain,4.47,97.97,OYO 2964 Hotel Ridho
550,Placido De Castro,BR,75.63,light rain,-10.34,-67.19,Hotel Calif√≥rnia
558,Sawakin,SD,91.22,clear sky,19.11,37.33,ŸÅŸÜÿØŸÇ ÿßŸÑÿØŸàŸäŸÖ
562,Tari,NG,85.15,clear sky,12.41,4.49,
564,Estacion Coahuila,MX,78.8,clear sky,32.19,-115.0,carroceria y pintura Kikones
565,Inongo,CD,76.8,light rain,-1.95,18.27,Hotel Du Lac
566,Kampot,KH,86.0,few clouds,10.62,104.18,Champa Lodge
567,Mogapi,BW,89.6,clear sky,-22.32,27.83,
569,Turan,VN,80.6,light rain,16.07,108.22,Grand Mercure Danang
570,Meulaboh,ID,86.92,broken clouds,4.14,96.13,Kost Pria
571,Dutlwe,BW,94.12,clear sky,-23.98,23.9,
572,Puerto Escondido,MX,78.03,broken clouds,15.85,-97.07,Aldea del Bazar Hotel and Spa
573,Porbandar,IN,89.6,scattered clouds,21.64,69.61,Lords Inn Porbandar
574,Wukari,NG,79.81,broken clouds,7.85,9.78,Elimtop
582,Ambovombe,MG,82.81,clear sky,-25.17,46.08,MONJA Talilisoa
583,Port Keats,AU,86.45,broken clouds,-14.25,129.55,TDC Village (Hundred Man Camp)
592,Teacapan,MX,81.34,broken clouds,22.55,-105.75,Hotel los Mangos
595,Micomeseng,GQ,77.56,overcast clouds,2.15,10.62,
596,Manaure,CO,80.26,light rain,11.78,-72.44,Del mar vendra
598,Saint-Paul,RE,82.4,scattered clouds,-21.01,55.27,Boucan Canot
601,Payo,ID,84.87,light rain,-3.75,103.64,Mess keban agung
603,Bairiki,KI,81.84,few clouds,1.33,172.98,Tarawa Boutique Hotel
606,Ouallam,NE,90.86,clear sky,14.32,2.09,
608,Caucaia,BR,80.01,broken clouds,-3.74,-38.65,M.O.S. Log√≠stica - Filial Fortaleza
609,Augusto Correa,BR,76.86,clear sky,-1.02,-46.63,Fazenda Bacuri
613,Talavera,PH,89.6,broken clouds,15.62,120.93,R&G's Resort
617,Bandarbeyla,SO,85.82,clear sky,9.49,50.81,REER XOOSHLE GROUP
620,Acarau,BR,79.27,broken clouds,-2.89,-40.12,castelo pizzaria
626,Kindu,CD,85.23,overcast clouds,-2.95,25.95,Hotel Karibu
629,Morondava,MG,84.16,clear sky,-20.28,44.28,La Case Bambou
630,Kontagora,NG,80.6,clear sky,10.4,5.47,City Gate Inn
634,Moissala,TD,85.12,clear sky,8.34,17.77,
635,Ciudad Bolivar,VE,76.64,few clouds,8.12,-63.55,Hotel Edi
640,Ambunti,PG,82.17,overcast clouds,-4.24,142.84,Ambunti Lodge
645,Hobyo,SO,84.94,scattered clouds,5.35,48.53,Osmani Hotel
646,Carutapera,BR,77.81,few clouds,-1.2,-46.02,Lidera
654,Prieska,ZA,86.54,clear sky,-29.66,22.75,Avenue GuestHouse
659,Lagos,NG,80.6,thunderstorm,6.58,3.75,
660,Tanout,NE,91.02,clear sky,14.97,8.89,
665,Libreville,GA,80.6,few clouds,0.39,9.45,Hotel Re-Ndama
669,Nyimba,ZM,93.54,clear sky,-14.56,30.81,Dali Dali Lodge
670,Koulamoutou,GA,75.34,overcast clouds,-1.13,12.47,Motel Biki
672,Namatanai,PG,81.55,few clouds,-3.67,152.43,Namatanai Hotel
673,Manokwari,ID,80.37,light rain,-0.87,134.08,Swiss Belhotel Manokwari
675,Mahanoro,MG,77.29,light rain,-19.9,48.8,H√¥tel Mon D√©sir
677,Bulawayo,ZW,88.25,clear sky,-20.15,28.58,4 On Housman Backpackers
682,Tabou,CI,78.17,light rain,4.42,-7.35,hot√™l doufoulougou
